,rank,elpd_loo,p_loo,elpd_diff,weight,se,dse,warning,scale
full model,0,11972.330447312022,28.87834177188961,0.0,0.9834944283072139,253.19527379795377,0.0,False,log
without anchoring,1,11950.20393132836,26.813986728820964,22.126515983662806,0.002950497996146139,253.5894714665061,10.071782499223858,False,log
without decay,2,11517.1034701739,25.852947324347042,455.22697713812073,0.0029109260753183196,255.24339080447533,45.58999478116473,False,log
"without
interaction",3,11367.542683886664,21.647024469270036,604.7877634253574,0.002936580277957131,255.99939880638243,71.49160000265475,False,log
"without
entropy",4,11102.461460408294,22.943065597015448,869.8689869037279,0.002761396948670281,258.80075677175796,65.22872702729178,False,log
"without
topic bias",5,9105.60287409354,19.21305816266795,2866.727573218483,0.01710915292810552,260.5558172180701,180.3145260013013,False,log
without mu²,6,-4805.014775179796,17.065657203738738,16777.34522249182,0.0006183374835999706,310.4794778753818,273.0131820804312,False,log
"without
agreement bias",7,-4837.401980391838,35.86447024537301,16809.73242770386,0.0010567075291936865,345.174725692472,321.17826480819264,False,log
"without
intrinsic biases",8,-13530.376685256564,23.455112340705455,25502.707132568583,0.0,517.885967284876,465.2365564643022,False,log
