,rank,elpd_loo,p_loo,elpd_diff,weight,se,dse,warning,scale
full model,0,19158.527699388913,737.7094755362887,0.0,0.780466898128682,1565.0275618075948,0.0,True,log
without anchoring,1,18491.988574095933,660.5030218776992,666.5391252929783,3.320780483718568e-10,1537.1821379144947,428.218862072802,True,log
"without
agreement bias",2,17454.746912434894,453.10596744715076,1703.7807869540195,1.0463801282944671e-09,1029.4359518739989,1014.6882910125468,True,log
"without
intrinsic biases",3,15847.514229124377,90.70490307980072,3311.0134702645373,7.992144813267186e-10,856.9606557318962,1243.3078385370272,False,log
"without
topic bias",4,15846.604266119855,90.92528242302978,3311.9234332690585,8.004316421698457e-10,856.8415476879355,1243.163432807735,False,log
without decay,5,10931.96914078714,184.33995963721645,8226.558558601775,0.20361592114347696,692.8548299946448,1483.6139070007412,True,log
"without
interaction",6,10127.191745911063,283.8733252584261,9031.33595347785,9.110603890337027e-10,610.5210763283796,1488.9524539004274,True,log
without mu²,7,6364.035042530306,21.83857495360644,12794.49265685861,0.004917264716950285,409.36489177123536,1447.6308695348084,False,log
"without
entropy",8,5077.786023371637,67.94491225085403,14080.741676017278,0.01099991212172613,499.41078308612134,1463.4789343462307,False,log
